"classification","entity","customer_id","customer_name","country_id","city","currency_code","blocked","customer_posting_group","general_business_posting_group"
"exclusion","Shiner B.V","CU109330","Seeding Marketing PR162 - Closed","NL","","GBP","3","SPORTS","PR GOODS"
"exclusion","Shiner B.V","CU109506","NPD Samples EU","NL","Barendrecht","EUR","3","SPORTS","NPD SAMPLE"
"exclusion","Shiner B.V","CU109989","Sales Sets Distributed - EU BV","NL","","EUR","0","SPORTS","SAMPLES"
"exclusion","Shiner B.V","CU110025","Shiner BV - NPD Samples EUR","NL","Rotterdam","EUR","0","SPORTS","NPD SAMPLE"
"exclusion","Shiner LLC","CU109330","Seeding Marketing PR162 - Closed","NL","","GBP","3","SPORTS","PR GOODS"
"exclusion","Shiner LLC","CU109989","Sales Sets Distributed - EU BV","NL","","EUR","0","SPORTS","SAMPLES"
"exclusion","Shiner LLC","UC000340","Shiner Marketing","US","Vista","USD","0","SPORTS","MARKETING"
"exclusion","Shiner LLC","UC000650","Management Recharge Shiner Ltd","GB","Bristol","USD","0","SPORTS","OTHER"
"exclusion","Shiner LLC","UC000653","Management recharge Shiner EU BV","NL","South Holland","USD","0","SPORTS","DOMESTIC"
"exclusion","Shiner Ltd","CU109330","Seeding Marketing PR162 - Closed","NL","","GBP","3","SPORTS","PR GOODS"
"exclusion","Shiner Ltd","CU109989","Sales Sets Distributed - EU BV","NL","","EUR","0","SPORTS","SAMPLES"
"exclusion","Shiner Ltd","CU110025","Shiner BV - NPD Samples EUR","NL","Rotterdam","EUR","0","SPORTS","NPD SAMPLE"
"exclusion","Shiner Ltd","CU110036","Shiner LLC (Management Recharge)","GB","","USD","0","SPORTS","OTHER"
"exclusion","Shiner Ltd","CU110040","Shiner BV (Management Recharge)","GB","","EUR","0","SPORTS","EU"
"exclusion","Shiner Ltd","CU110083","Shiner BV - NPD Samples USD","NL","Rotterdam","USD","0","SPORTS","NPD SAMPLE"
"intercompany","Shiner B.V","CU103500","Shiner Limited","GB","Bristol (Uk)","EUR","0","SPORTS","EU"
"intercompany","Shiner B.V","CU109221","Shiner EU B.V.Replen","NL","","EUR","0","SPORTS","EU"
"intercompany","Shiner B.V","CU109441","Shiner EU BV BTB","NL","Heinenoord","EUR","0","SPORTS","EU"
"intercompany","Shiner B.V","CU109444","Shiner EU BV Replen DONT USE","NL","","EUR","0","SPORTS","EU"
"intercompany","Shiner B.V","CU109525","Shiner EU Riga B2B","NL","","EUR","0","SPORTS","EU"
"intercompany","Shiner B.V","CU110077","Shiner LLC","US","Vista","GBP","0","RIDERS","OTHER"
"intercompany","Shiner LLC","UC000458","Shiner Ltd","GB","Bristol","USD","0","SPORTS","OTHER"
"intercompany","Shiner Ltd","CU103500","Shiner Limited","GB","Bristol (Uk)","EUR","0","SPORTS","EU"
"intercompany","Shiner Ltd","CU109221","Shiner EU B.V.Replen","NL","","EUR","0","SPORTS","EU"
"intercompany","Shiner Ltd","CU109441","Shiner EU BV BTB","NL","Heinenoord","EUR","0","SPORTS","EU"
"intercompany","Shiner Ltd","CU109444","Shiner EU BV Replen DONT USE","NL","","EUR","0","SPORTS","EU"
"intercompany","Shiner Ltd","CU109525","Shiner EU Riga B2B","NL","","EUR","0","SPORTS","EU"
"intercompany","Shiner Ltd","CU110077","Shiner LLC","US","Vista","GBP","0","RIDERS","OTHER"
"intercompany","Shiner Ltd","CU110744","Shiner EU B.V. ..  Redwood Replen","NL","Heinenoord","EUR","0","SPORTS","EU"
